[
  {
    "PartNumber": "A001",
    "PartName": "\u87BA\u7D72",
    "StorageLocation": "\u6AC31",
    "Quantity": 100,
    "LowerLimit": 20,
    "UpperLimit": 200,
    "Note": ""
  },
  {
    "PartNumber": "B002",
    "PartName": "\u588A\u7247",
    "StorageLocation": "\u6AC32",
    "Quantity": 36,
    "LowerLimit": 10,
    "UpperLimit": 150,
    "Note": ""
  },
  {
    "PartNumber": "C003",
    "PartName": "\u588A\u7247",
    "StorageLocation": "\u6AC32",
    "Quantity": 30,
    "LowerLimit": 5,
    "UpperLimit": 180,
    "Note": ""
  },
  {
    "PartNumber": "D004",
    "PartName": "\u588A\u7247",
    "StorageLocation": "\u6AC32",
    "Quantity": 39,
    "LowerLimit": 10,
    "UpperLimit": 300,
    "Note": ""
  },
  {
    "PartNumber": "E005",
    "PartName": "\u87BA\u7D72M4*10",
    "StorageLocation": "D32-415-32",
    "Quantity": 8,
    "LowerLimit": 10,
    "UpperLimit": 150,
    "Note": ""
  },
  {
    "PartNumber": "F006",
    "PartName": "\u87BA\u7D72M5*20",
    "StorageLocation": "A25-36-1",
    "Quantity": 50,
    "LowerLimit": 10,
    "UpperLimit": 100,
    "Note": ""
  },
  {
    "PartNumber": "G007",
    "PartName": "\u87BA\u7D72M6*25",
    "StorageLocation": "B21-82-6",
    "Quantity": 80,
    "LowerLimit": 20,
    "UpperLimit": 100,
    "Note": ""
  }
]